Topic,Count
"2023IVL夏决,2023IVL",199
2024ivl夏季赛,121
"2023IVL秋季赛,2023IVL",84
2023IVL秋季赛总决赛,63
2023ivl秋季赛总决赛,42
MRC冠军,42
第五人格,38
"成都GG对战Wolves,2023IVL秋季赛总决赛",35
"Gr对战成都GG,2024IVL夏决",33
2024IVL夏季赛,32
"成都GG五冠,2024IVL夏决",29
2023ivl夏决,24
"成都狼队四冠,2023IVL秋季赛总决赛",24
"487FMVP,成都狼队四冠,2023IVL秋季赛总决赛",23
"第五人格COA7,COA7预选赛",19
"成都GG对战Gr,2023IVL夏决",18
2024ivl秋季赛,17
"成都GG对战Gr,Gr总决赛会师GG,2023IVL夏决",17
"成都GG大满贯,心安勿梦FMVP,成都GG夺冠",16
成都GG五冠,16
"第五人格,第五人格森林的香迹",14
成都狼队四冠,14
"Wolves_Jelly,Wolves对战MRC",14
狼队总决赛心情,14
成都GG大满贯,13
张发财 决赛不争你什么时候争,13
"2024IVL夏决,GG战报,Gr对战成都GG",13
狼队第五人格,12
2023IVL夏决,11
"2023IVL秋季赛总决赛,GG战报,成都GG对战Wolves",11
狼队晋级总决赛,11
Gr对战FPX.ZQ,10
"比赛我只看IVL,2023IVL夏决",9
"第五创作星,超话创作官",9
"2024IVL秋季赛总决赛,2024IVL秋季赛",9
"成都GG夺冠,成都GG大满贯,2023IVL夏决",9
"2023IVL秋季赛总决赛,2023IVL秋季赛",9
Wolves对战MRC,8
"2024IVL秋季赛总决赛,成都狼队ivl秋季赛总决赛加油,wolves对战mrc",8
许诺云黎红人节带粉丝上分,8
第五人格赛事,8
"2024IVL夏决,2024IVL",7
"2023IVL秋季赛总决赛,成都GG对战Wolves",7
"2024IVL夏季赛,Gr对战成都GG,2024IVL夏决",7
"第五人格COA6,COA6预选赛",7
"成都狼队四冠,2023ivl秋季赛总决赛",7
"2023IVL夏决,成都GG对战Gr",7
2024ivl夏决,6
2024IVL夏决,6
"成都GG对战Wolves,2023IVL秋季赛总决赛,前线营业中",6
"487FMVP,2023IVL秋季赛总决赛",6
mrc冠军,5
"成都GG对战Gr,2023IVL夏决,前线营业中",5
"Wolves对战MRC,2024IVL秋季赛总决赛,2024IVL秋季赛",5
"第五人格,第五人格喧嚣再起,2024ivl秋季赛总决赛",5
"Gr对战成都GG,2024IVL夏季赛",5
"Wolves_487,Wolves对战MRC",5
"COA6大陆预选赛大名单,COA6预选赛,第五人格COA6",4
"成都gg对战wolves,2023ivl秋季赛总决赛",4
2024IVL秋季赛总决赛,4
小程FMVP,4
"Wolves_ChoAi,Wolves对战MRC",4
旅行青蛙中国之旅,4
天绝蛊颜 穆祉丞,4
"Wolves_Dking,Wolves对战MRC",4
"GG_ppxia,FPX.ZQ对战成都GG",4
"小马三抓,成都GG对战Gr",4
"Wolves_XMX,Wolves对战MRC",3
"MRC冠军,第五人格",3
"2023ivl秋季赛,成都狼队四冠",3
2023ivl夏季赛,3
"2023ivl秋季赛总决赛,成都狼队四冠",3
"2023ivl夏决,成都gg夺冠",3
"MRC_XC,Wolves对战MRC",3
2023IVL秋季赛,3
"成都狼队四冠,2023IVL秋季赛总决赛,前线营业中",3
"2023IVL秋季赛总决赛,2023IVL",3
"第五人格,2024IVL秋季赛总决赛",3
ivl珍宝集,3
Wolves_Jelly,3
"2024ivl秋季赛总决赛,第五人格",3
"骁龙电竞先锋赛2024精英邀请赛,骁龙电竞先锋赛",3
"GG_xawm,FPX.ZQ对战成都GG",3
"心安勿梦FMVP,成都GG五冠,2024IVL夏决",3
穆祉丞 十四身似月亭,3
向冠军出发,3
"Gr_N1e,Gr对战成都GG",3
"2024IVL夏决,2024IVL夏季赛",3
"成都GG大满贯,心安勿梦FMVP",3
ivl,3
"2024IVL夏季赛,2024IVL夏决",3
成都gg大满贯,3
"心安勿梦使徒四抓,Gr对战成都GG,2024IVL夏决",3
第五人格coa6,3
"2023东南亚IVC,第五人格BWIKI",2
"第五人格,2024ivl秋季赛总决赛",2
"FPX.ZQ_DongX,Gr对战FPX.ZQ",2
"2023IVL秋季赛总决赛,狼队第五人格",2
"MRC冠军,IVL,小程FMVP",2
"IVL,Wolves",2
"第五人格日历,1月",2
"Wolves对战MRC,2024IVL秋季赛",2
东玄 小程,2
一条plog告别二月,2
Wolves晋级总决赛,2
"2024IVL夏决,第五人格",2
"成都狼队四冠,487FMVP,2023IVL秋季赛总决赛",2
"第五人格,第五人格心跳特辑",2
"COA6预选赛,第五人格COA6",2
"MRC冠军,小程fmvp",2
"第五人格,第五人格职业联赛ivl,2024ivl秋季赛总决赛",2
"DOU5对战成都GG,COA6全球总决赛,第五人格COA6",2
"GG_kucao,Gr对战成都GG",2
随手拍,2
第五人格元旦漫展,2
"成都狼队四冠,2023ivl秋季赛",2
"Gr_AK,Gr对战成都GG",2
恭喜第五人格超话发帖量破300万,2
2023ivl秋季赛,2
gr对战wolves,2
"第五人格,3月",2
成都Wolves对战MRC,2
成都Wolves晋级总决赛,2
GR战队,2
"园丁1221生日快乐,园丁五女一",2
穆祉丞个人舞台3D,2
GG对战Wolves,2
第五人格狼队,2
"gr总决赛会师gg,2023ivl夏决,2023ivl",2
第五人格COA7,2
"成都GG大满贯,心安勿梦fmvp",2
"Gr_heart,Gr对战成都GG",2
2024ivl秋季赛总决赛,2
IVL,2
成都狼队IVL秋季赛总决赛加油,2
"第五人格赛事,第五人格COA7",2
恭喜第五人格园丁超话阅读量破2亿,2
"MRC冠军,2024ivl秋季赛总决赛",1
"小程fmvp,mrc冠军",1
95的线下,1
"2024ivl夏季赛,第五人格",1
"2024ivl夏季赛,2024ivl夏决",1
Gr对战成都GG,1
"gr对战成都gg,2024ivl夏决,前线营业中",1
"2024IVL夏决,成都GG获胜,成都gg五冠",1
"2024ivl夏季赛,成都gg获胜,成都gg五冠",1
"成都gg五冠,2024ivl夏季赛",1
许诺与你未完待续,1
"侦探现场,2024ivl",1
"2024ivl夏季赛,成都gg晋级总决赛",1
"被红人节水友赛的许诺秀到了,超级红人节互动舞台,超级红人节",1
"Gr对战成都GG,2024IVL夏决,前线营业中",1
"gr战队,2024ivl夏季赛",1
"第五人格,第五人格深渊的呼唤",1
"第五人格BWIKI,第五人格COA8,MRC夺冠",1
2024KPL夏季赛,1
"成都GG对战Gr,成都GG晋级总决赛",1
"第五人格BWIKI,第五人格COA8,Gr晋级深渊八",1
"小程fmvp,mrc冠军,mrc获胜",1
"2024IVL秋季赛总决赛,第五人格COA8,MRC冠军",1
"EDG总决赛对阵TH,康康五滴血五杀",1
gr对战成都gg,1
"成都GG战胜Gr,成都gg五冠",1
"mrc夺冠,mrc获胜,mrc冠军",1
mrc获胜,1
"成都GG五冠,2024IVL夏决,前线营业中",1
"妖刀,KSG对战TTG",1
千寻游戏服务平台,1
"第五人格,第五人格ivl夏季赛",1
pad老年机,1
"第五人格ivl秋季赛,日常",1
游戏悬赏令,1
"成都gg五冠,2024ivl夏决,前线营业中",1
"成都GG五冠,成都gg五冠,成都GG获胜,成都GG战胜Gr,2024ivl夏季赛,2024ivl夏决",1
"成都gg五冠,心安勿梦fmvp",1
"记录生活,2024ivl夏决",1
"朝朝穆穆,穆祉丞 三代唯一门面主舞,穆祉丞高位出道,天绝蛊颜 穆祉丞",1
"恭喜第五人格园丁超话阅读量破2亿,恭喜第五人格园丁超话发帖量破5万,园丁1221生日快乐",1
"成都GG五冠,2024IVL夏决,心安勿梦FMVP",1
"成都gg获胜,成都GG五冠,2024IVL夏决",1
"2024ivl夏季赛,第五人格赛事,第五人格,成都gg冠军之路",1
"超话星愿池,夏日青春派对,幼虎power  穆祉丞",1
"Gr_ac,Gr对战成都GG",1
"第五人格排位,第五人格心跳特辑,第五人格,第五人格2024龙年版,2024ivl夏季赛",1
"赢啦！剑指冠军,2024ivl夏季赛总决赛",1
"第五人格蜘蛛,第五人格角色日,第五人格BWIKI",1
"许诺云黎红人节带粉丝上分,超级红人节",1
"成都gg五冠,2024ivl夏季赛,2024ivl夏决",1
"园丁五女一,园丁五永一,园丁女五一",1
"成都GG五冠,2024ivl夏决",1
"GR战队,成都gg对战gr,2024ivl夏季赛",1
"FPX.ZQ_DongX,FPX.ZQ对战成都GG",1
"恋园日记,园丁1221生日快乐",1
鸡鸭日记,1
"调香师,克洛伊,薇拉奈尔,生日快乐",1
心疼东玄,1
"Gr_Xmiao5,Gr对战成都GG",1
又到了湖南学子的暑假戒断周,1
知竹常乐,1
"雄兔砺剑,金雨披肩,好嘢来啦,2024IVL夏季赛",1
成都gg,1
第五创作星,1
"MRC冠军,成都Wolves对战MRC,2024IVL秋季赛总决赛",1
"第五人格,第五人格卧谈会,一梦江湖",1
"mrc获胜,第五人格",1
"第五人格赛事,mrc夺冠,第五人格",1
昆虫学者1222生日快乐,1
"第五人格赛事,第五人格,时光代理人乔苓",1
"MRC_XiaoD,Wolves对战MRC,MRC冠军",1
"小程fmvp,mrc夺冠",1
"IVL,MRC冠军,小程FMVP",1
"IVL,决赛",1
"IVL,第五人格",1
"akiとの楽しいお话,mrc冠军",1
成都狼队ivl秋季赛总决赛加油,1
"2024ivl秋季赛总决赛,成都狼队ivl秋季赛总决赛加油",1
"Wolves对战Gr,2024IVL秋季赛总决赛,2024IVL秋季赛",1
"第五人格喧嚣再起,2024ivl秋季赛总决赛,第五人格,2024ivl秋季赛",1
"随手拍,第五人格,第五人格喧嚣再起,2024ivl秋季赛总决赛",1
"MRC_XC,Wolves对战MRC,MRC冠军",1
"mrc是冠军！,MRC冠军",1
"2024IVL秋季赛,2024IVL秋季赛总决赛",1
"成都wolves晋级总决赛,前线营业中",1
GG_ppxia,1
"2024IVL秋季赛总决赛,第五人格赛事",1
"狼队晋级总决赛,狼七加油!",1
"第五人格喧嚣再起,第五人格,2024ivl秋季赛总决赛",1
假如猎罪图鉴3的开头是这样的,1
"MRC冠军,2020ivl秋季赛",1
GG_Tx,1
"宠爱第五人格,成都狼队",1
"第五人格,谷子,煤炉代切,乐一番",1
"第五人格赛事,第五人格",1
"不要球窝,是球球嘿",1
"小巧玲珑的日常,木只己的日常,生活手记,元旦,新年快乐,你好2025,蛇年",1
"成都Wolves对战MRC,mrc冠军",1
"第五人格囚徒,电电的零花计划",1
狼队电竞第五人格分部,1
"第五创作星,第五人格同人,第五人格",1
"mrc冠军,第五人格,成都Wolves对战MRC",1
"mrc获胜,2024ivl秋季赛",1
"第五人格交易,第五人格租号,第五人格",1
"MRC冠军,第五人格,IVL",1
"小程FMVP,2024IVL秋季赛总决赛",1
支持Mrc战队,1
何炅 我现在有点惊弓之鸟了,1
"IVL,MRC冠军",1
昆明一步行街蛇宝宝花灯丑萌出圈,1
时代峰峻有自己的换头笑话,1
"你好2025,闲言碎语,生活手记,治愈不开心,情感语录,人生感悟",1
"成都Wolves对战MRC,2024ivl秋季赛总决赛",1
"MRC_Nanako,Wolves对战MRC",1
"MRC冠军,mrc获胜",1
"mrc夺冠,2024ivl秋季赛总决赛",1
"2024ivl秋季赛,ivl,第五人格,2024ivl秋季赛总决赛",1
"狼队晋级总决赛,成都狼队ivl秋季赛总决赛加油",1
"Wolves对战MRC,前线营业中",1
"第五人格,2024ivl,mrc获胜",1
"MRC冠军,2024IVL秋季赛总决赛",1
"487获得秋季赛人气求生者,2024ivl秋季赛,87今天长这样,人气求生者487",1
"Wolves对战MRC,2024IVL秋季赛总决赛",1
"成都Wolves对战MRC,2024ivl秋季赛,2024ivl秋季赛总决赛",1
"mrc是冠军！,2024ivl秋季赛总决赛,mrc获胜",1
"赛前喊话,Gr对战成都GG,2024IVL夏决",1
"MRC冠军,小程FMVP,2024IVL秋季赛总决赛",1
"mrc夺冠,恭喜mrc夺冠",1
"小程FMVP,MRC冠军",1
"2024ivl秋季赛总决赛,前线营业中",1
"MRC冠军,第五人格赛事,2024IVL秋季赛总决赛",1
"Wolves_Yeyv,Wolves对战MRC",1
"MRC_HuaC,Wolves对战MRC",1
"MRC冠军,我们就是奇迹",1
"MRC冠军,小程FMVP,IVL,成都Wolves对战MRC",1
"MRC冠军,IVL,成都Wolves对战MRC,小程FMVP",1
mrc夺冠,1
"wolves对战mrc,2024ivl秋季赛",1
我们就是奇迹,1
From the abyss —ppxia,1
"第五人格心患,第五人格心理学家,深渊的呼唤",1
第五人格维护公告,1
"2024ivl秋季赛总决赛,2024ivl秋季赛,最好的玄程",1
"mrc获胜,mrc冠军",1
"MRC冠军,MRC 冠军",1
"成都狼队ivl秋季赛总决赛加油,2024ivl秋季赛总决赛",1
"第五人格,第五人格职业联赛ivl,2024ivl秋季赛总决赛,第五人格卧谈会",1
"te溯第五人格,溯宝开播提醒",1
GG_18,1
"第五人格,狼队晋级总决赛,2024ivl秋季赛总决赛",1
"2024ivl秋季赛总决赛,第五人格,第五趣闻",1
一路繁花祝大家2025走花路,1
"MRC冠军,IVL",1
"MRC冠军,小程FMVP",1
"超话星愿池,超话新年许愿季",1
"第五人格BWIKI,MRC夺冠,2024IVL秋季赛总决赛",1
"IVL秋季赛总决赛,狼七加油!",1
医见倾心 元旦快乐,1
杨幂 梗当然要当本人面玩,1
新年祝福,1
MRC获胜,1
"MRC对战Wolves,2024IVL秋季赛",1
"2024IVL秋季赛总决赛,Wolves对战MRC,狼人醒醒",1
"狼人醒醒,2024IVL秋季赛总决赛,2024IVL秋季赛",1
"2024IVL秋季赛总决赛,Wolves对战MRC",1
Wolves_487,1
"MRC获胜,第五人格,2024ivl秋季赛总决赛",1
"mrc,MRC,第五人格职业联赛ivl,2024ivl秋季赛总决赛",1
"2024IVL秋季赛总决赛,MRC冠军",1
"Gr对战FPX.ZQ,2024IVL秋季赛总决赛,2024IVL秋季赛",1
"2024IVL秋季赛最佳评选,第五人格,2024IVL秋季赛总决赛",1
"花间令破300万海报,鞠婧祎红衣海报,花间令,花间令 每个人都有第五人格,花间令追剧日历",1
"ivl职业联赛,第五人格,拿铁乌龙,谢振宇,龙京豪",1
"2023ivl夏决,成都gg大满贯",1
"向光而生，永不言败,2023ivl",1
"2023ivl,2023ivl夏决",1
"心安勿梦fmvp,心安勿梦",1
"成都gg大满贯,心安勿梦fmvp",1
"发财发博回应,第五人格,成都GG对战Gr,2023ivl夏决,gr总决赛会师gg,成都GG大满贯,成都gg夺冠",1
"2023ivl夏季赛,2023ivl夏决,成都gg夺冠",1
"成都GG对战Gr,2023IVL夏决,2023ivl",1
"2023ivl夏决,第五人格",1
Gr发财,1
"第五人格梦女,第五人格",1
"2023IVL夏决,成都GG四跑,IVL全是反转,发财干什么",1
"发财干什么,成都GG对战Gr,2023IVL夏决",1
"2023ivl夏季赛,2023ivl夏决",1
"2023IVL夏决,2023IVL,第五人格赛事[超话]​",1
"gr总决赛会师gg,2023ivl夏决",1
"gr总决赛会师gg,2023ivl,2023ivl夏决",1
2033IVL夏决,1
"心安勿梦FMVP,成都GG获冠",1
"2023ivl夏决,gr对战成都gg",1
"2023IVL夏决,发财干什么,IVL全是反转",1
"11叭叭叭,2023ivl夏决,gr对战成都gg",1
"第五人格,第五人格赛事,成都gg获胜,成都gg大满贯",1
"成都GG大满贯,xawm破轮四抓,心安勿梦FMVP",1
上CC直播看IVL,1
"第五人格,第五人格24节气",1
微博卡片背景,1
"超话星愿池,夏日青春派对,天绝蛊颜 穆祉丞",1
"2023ivl夏决,2023ivl夏季赛",1
"第五人格赛事,第五人格,2023ivl秋季赛总决赛",1
"微博网友喜爱人物,驾驭高能时刻",1
"第五人格职业联赛ivl,第五人格",1
"2023IVL秋季赛总决赛,第五人格,成都狼队四冠",1
赛事观感,1
"东玄深渊见,2023ivl秋季赛总决赛",1
"成都狼队四冠,第五人格",1
"第五人格BWIKI,成都狼队四冠",1
"第五人格,第五人格赛事,第五人格职业联赛ivl",1
"成都狼队四冠,CC赛事情报站,2023IVL秋季赛总决赛",1
"2023ivl秋季赛总决赛,第五人格,第五人格ivl",1
"成都狼队四冠,2023IVL秋季赛总决赛,ivl秋季赛剪刀手大赛",1
"游戏热议榜,玩家甜蜜日常",1
"2023IVL夏决,成都GG对战Gr,Gr总决赛会师GG",1
"虎拓朽林 穆祉丞,穆祉丞 花火长掠爱意不祉",1
"成都gg夺冠,2023ivl夏决,2023ivl夏季赛",1
"成都GG对战Gr,2023IVL夏决,Gr总决赛会师GG",1
"2023ivl,成都gg获胜",1
"成都GG大满贯,成都gg夺冠,心安勿梦fmvp",1
"成都gg夺冠,成都gg大满贯",1
"夏决精彩赛事,成都GG大满贯,成都gg夺冠,心安勿梦fmvp,心安勿梦世一轮",1
"成都GG大满贯,心安勿梦FMVP,成都GG夺冠,夏决精彩赛事",1
向光而生，永不言败,1
第五人格ivl夏季赛,1
"发财干什么,成都gg对战gr,2023ivl夏决",1
"核桃有料,2023ivl秋季赛总决赛,成都狼队四冠",1
2022ivl秋季赛总决赛,1
"COA6大陆预选赛大名单,COA6预选赛,第五人格COA6,虎啸风声 勇往直前",1
COA6大陆预选赛大名单,1
第五人格卧谈会,1
第五人格固玩,1
"第五人格珍宝下架,第五人格超话,第五人格",1
王源胡子,1
"第五创作星,超话创作官,第五人格×tv动画《文豪野犬》",1
"第五人格,浪游创作营",1
"无锡美食,无锡",1
虎拓朽林 穆祉丞,1
"COA6大陆预选赛大名单,coa6抽签仪式,第五人格coa6",1
"第五人格coa6,前线营业中",1
"2023ivl夏决,ivl",1
"第五创作星,超话创作官,第五人格coa6",1
"超话创作官,第五人格",1
"第五创作星,超话创作官,第五人格守夜人",1
"无脑烹饪,意义不明,第五人格",1
IVL小剧场,1
"超话创作官,第五创作星,第五人格隐士",1
ivl门面刘豹纹,1
"头号爆料站,第五人格,文豪野犬",1
"第五艺术馆,第五人格,第五同人档案",1
"IVL小剧场,第五人格赛事",1
"COA6预选赛,COA6抽签仪式,第五人格COA6",1
"第五人格,第五人格×TV动画《文豪野犬》",1
"上海市2023注册电竞运动员公示,上海公示25名LOL注册电竞运动员",1
"第五创作星,超话创作官,第五人格情人节",1
"第五人格,第五艺术馆",1
"2023ivl夏决,比赛我只看ivl,成都gg大满贯",1
"第五人格,第五人格赛事",1
"心安勿梦世一轮,成都gg大满贯,心安勿梦fmvp",1
2023IVL,1
"发财干什么,成都GG对战Gr,2023ivl夏决",1
"Gr发财,2023IVL夏决,向日葵能量站",1
"gr对战成都gg,2023ivl夏决",1
"成都gg夺冠,2023ivl夏决,成都gg大满贯,心安勿梦fmvp",1
"2023IVL夏决,第五人格,第五人格赛事",1
"成都GG大满贯,夏决精彩赛事,成都GG夺冠",1
COA6预选赛,1
"GR战队总决赛,2023IVL夏决",1
"成都GG获冠,成都GG大满贯",1
"成都GG夺冠,成都GG大满贯,2023IVL夏决,前线营业中",1
"新品预定,塑唐玩具",1
"第五人格,第五创作星",1
"公权枪车私用,封口封杀正义公序良俗15大23年多,陕版执法现场埋尸案,开中巴车撞杀执法检查人重伤撞了白撞23年多,公诉,黑恶保护伞枉法23年多,枉法越权瞒报陕省道执法遭涉犯罪重伤安全事故现23年多坑害多少百姓家,法向不法让步,弱势是原罪,刑法是贫民法,扫黑除恶,打虎拍蝇,陕一线执法人生命人身合法权益受涉犯罪侵害重伤现23年多无官方依法负责,无权钱势农家子弟为国陕执法负重伤现23年多无官方依法维权,行政违法不作为坑害陕104省道执法因公重伤家现23年多谁负责,安全责任执法责任制,为官不为,有权就是任性,有钱就是任性,公事公不管",1
"第五人格,植树节",1
"第五人格,超话创作官",1
"第五时报,第五人格同人,第五人格",1
"第五时报,第五人格同人,第五创作星",1
第五艺术馆,1
"第五人格,游戏",1
"2023IVL秋季赛总决赛,487FMVP,成都狼队四冠,CC赛事情报站",1
"克苏鲁,东方幻想,幻想文学,岐风之旅,国创,九畿",1
"成都gg五冠,2024IVL夏决",1
"第五人格,第五人格六周年,第五人格COA7",1
"第五人格,园丁",1
瑞幸,1
第五人格组队,1
第五人格森林的香迹,1
"第五人格COA7,第五人格BWIKI",1
"解说,第五人格赛事,第五人格coa7",1
"XMG对战FPX.ZQ,COA7预选赛",1
"COA7预选赛,雄兔砺剑,金雨披肩,第五人格COA7",1
"第五人格COA7,COA7海外预选赛",1
"te溯第五人格,coa7预选赛",1
第五人格coa7,1
"2024LPL春季赛,蛋仔派对,第五人格COA7,无畏契约马德里大师赛",1
"成都狼队四冠,2023ivl秋季赛总决赛,成都狼队夺冠",1
"第五人格COA7,达不溜笔记",1
"COA7预选赛,第五人格COA7",1
"前线营业中,第五人格coa7",1
"Xbox,上古卷轴OL,伊瑟利娅的后裔",1
"te溯第五人格,coa7预选赛,te观察日记",1
总决赛票抢购,1
"王一博新年快乐,新年快乐",1
"15天知妙派年终复习,我的2023原神总结",1
"2023IVL秋季赛总决赛,成都狼队四冠",1
"漫展,原神,新年",1
和平精英陪玩团招人,1
COA7预选赛,1
第五人格联动小小梦魇,1
第五人格富江,1
第五人格角色日,1
"2024IVL夏季赛,成都GG五冠,第五人格BWIKI",1
"ivl职业联赛,可爱,mrc小程",1
"2024IVL夏季赛,2024IVL",1
钎城战绩可查,1
"第五人格,成都GG五冠,2024IVL夏决",1
第五人格代肝,1
"2024ivl夏季赛,gr对战成都gg,成都gg获胜",1
"超级红人节互动舞台,超级红人节,许诺与你未完待续",1
"FPXZQ,fpxzq电子竞技俱乐部,深渊的呼唤,深渊的呼唤五全球总决赛,第五人格",1
第五人格职业联赛ivl,1
恭喜xawm拿下夏季赛总决赛FMVP,1
"2024ivl夏季赛,wbg夺冠",1
"成都GG五冠,2024ivl夏季赛",1
"WBG_Persica,FPX.ZQ对战WBG",1
"许诺与你未完待续,北京wb许诺",1
"第五人格,2024ivl夏季赛",1
"玩第五人格玩的,第五人格",1
就这一刻,1
"活动预告,中国作家公开课,北京语言大学,百花文艺出版社,鲍尔吉原野",1
幼虎power  穆祉丞,1
"英雄联盟,2024LPL春季,蛋仔派对,第五人格COA7,无畏契约马德里大师赛",1
"第五人格coa6,coa6预选赛,第五人格",1
一周游戏热点回顾,1
"GG赛程预告,2023IVL秋季赛总决赛",1
"萤火虫动漫游戏嘉年华,元旦广州萤火虫,第五人格,原神,火影,家庭教师ヒットマンreborn!",1
"比赛加油,2023ivl秋季赛总决赛",1
"第五人格,第五人格赛事,成都狼队",1
"第五人格,成都gg对战wolves,狼队第五人格",1
"FPX.ZQ_DongX,FPX.ZQ对战MRC",1
"2023ivl秋季赛总决赛,wolves获胜",1
"第五人格,第五人格赛事,2023ivl秋季赛,2023ivl秋季赛总决赛",1
"第五人格赛事,2023ivl秋季赛",1
第五人格拉拉队员,1
"成都GG对战Wolves,成都狼队四冠,2023ivl秋季赛总决赛",1
2024年第一条微博,1
"2023ivl秋季赛总决赛,2023ivl",1
超话新年许愿季,1
"2023IVL秋季赛总决赛,那点事的返图日常",1
"第五人格,2023ivl秋季赛,2023ivl秋季赛总决赛,第五人格赛事",1
"第五人格,2023ivl秋季赛总决赛",1
"以狼之名许我荣光,成都狼队四冠,2023ivl秋季赛总决赛",1
"成都狼队四冠,第五人格ivl,2023ivl秋季赛总决赛",1
"成都GG对战Wolves,2023IVL秋季赛总决赛,那点事的返图日常",1
"2023ivl,2023ivl秋季赛总决赛",1
"侦探现场,2023IVL秋季赛总决赛",1
"2023IVL秋季赛总决赛,第五人格,我们是冠军",1
"2023ivl秋季赛总决赛,成都狼队四冠,487fmvp",1
"成都狼队四冠,第五人格,2023ivl秋季赛,狼队",1
"高光时刻,成都GG对战Wolves,2023IVL秋季赛总决赛",1
"成都狼队四冠,487fmvp,2023ivl秋季赛总决赛",1
"2023ivl秋季赛总决赛,核桃有料,成都狼队四冠",1
"成都狼队四冠,487FMVP",1
"狼队第五人格,狼队第五人格 我会溺爱,成都狼队四冠",1
"Wolves_487,GG对战Wolves",1
"成都狼队四冠,2023IVL秋季赛总决赛,狼队第五人格",1
20223IVL秋季总决赛,1
"GG_18,GG对战Wolves",1
"IVL秋季赛观后感,2023ivl秋季赛总决赛",1
"成都狼队四冠,2023IVL秋季赛总决赛,那点事的返图日常",1
"成都狼队四冠,2023ivl秋季赛,487fmvp",1
FPX.ZQ_DongX,1
wolves晋级总决赛,1
"GG_kucao,GG对战Wolves",1
"GG_fulan,GG对战Wolves",1
"2023IVL秋季赛总决赛,赛场碎片",1
"2023IVL秋季赛,2023IVL秋季赛总决赛",1
狼队比赛总结,1
"成都GG对战Wolves,2023IVL秋季赛总决赛,狼队第五人格",1
"成都GG对战Wolves,2023ivl秋季赛总决赛",1
"核桃有料,2023ivl秋季赛总决赛",1
"第五人格,2023ivl秋季赛",1
"2023IVL秋季赛总决赛,成都GG对战Wolves,前线营业中",1
IVL绘画大赛,1
FPX.ZQ对战MRC,1
"2023IVL秋季赛总决赛,Wolves对战成都GG,狼队第五人格",1
"GG_xawm,GG对战Wolves",1
"2023IVL秋季赛总决赛,加油宝宝",1
"2023IVL秋季赛总决赛,第五人格赛事",1
"猎奇,第五人格,今年的第一天不要用这种梦来惩罚我脆弱的内心好吗",1
